parameter,value
ma1,-0.4205717897361144
ma2,-0.41888795383724625
ma3,-0.060628745488259334
