variable,inflation,unemployment,interest_rate,industrial_production
inflation,1,-0.04196264372629026,-0.38604824846365665,0.9575272058476095
unemployment,-0.04196264372629026,1,0.06453687417376777,-0.05741232697298521
interest_rate,-0.38604824846365665,0.06453687417376777,1,-0.33621046563781765
industrial_production,0.9575272058476095,-0.05741232697298521,-0.33621046563781765,1
