parameter,estimate
mu,0.11235400453602234
omega,4.265004071101119e-4
alpha1,0.20641051956150444
beta1,0.7925894792678367
