Model,AIC,BIC
OLS,7948.267433829344,7972.046278439265
ARIMA,801.3703592580459,820.384110932437
GARCH,0.5645092729247725,0.5866752594025718
VAR,3738.510276377875,4516.342700647747
